gaia_source_id,sdssj_name_green
2449940398945300352,000035.58-001115.0
2849992104074525440,000324.63+243815.2
2422580563916795008,000354.23-104158.2
2738375146821064320,000457.12+010937.9
2772539550076633088,000643.14+155800.7
2546582042188200192,000712.54+010757.9
2544984761030493952,001145.30-004710.2
2544773070682735232,001245.81-010522.0
2768451016088247808,001716.46+143840.8
2543910366373535232,002714.21+002914.3
2543896622476284800,002919.44+004314.2
2543458952425074304,003013.10-003226.6
2780516403858009728,003351.80+151114.3
2543241588424367744,003721.34+001224.7
2779361469970716800,003813.23+134551.1
2779838864175825024,003937.35+152910.7
2806470925585941504,004125.54+242133.8
2549113981244251136,004322.13+002843.7
2530905652076145280,004343.87-005356.2
2537021822944661632,004706.76+000748.9
2474101239252638336,004853.30-090435.7
2536744436776901760,004857.54-003358.3
2536731448795778816,004905.98-003811.1
2535875960029725184,005424.17-010106.4
2474755590406338432,010717.90-091329.5
2535287377711328512,011717.70+010544.1
2472125077555720448,012028.56-083630.9
2534143954337742976,012101.10-001507.3
2535163480790040064,012150.33+011302.2
2533524212032326528,012159.74-010142.8
2533910754793841408,012321.07-004549.9
2458779067979157376,012518.67-104448.2
2534079632907868672,012526.74+000448.5
2458921244281070336,012747.73-100439.1
2477305250496188416,012919.18-083137.9
2510018337057861376,013249.99+000300.4
2463999407453537664,014140.31-100355.1
2510316059895252992,014155.53+005823.6
2588190761934182912,014359.79+141700.4
2506139741071173120,015232.31-004932.6
2567657828962189184,015923.64+063011.7
2506748934937404288,020252.79-004359.6
76818032710274944,020716.86+133034.6
100295290317202560,020738.05+211913.3
2507283847343816704,021119.83+003201.4
100894588579478656,021427.48+225919.8
2499910488008296192,022229.93-004847.5
2501474165341572224,022304.43+004501.3
2500541470244355072,023208.60+003639.1
5179438776077806208,025634.62-084853.8
288862320488704,025727.90+004934.3
3867119834057472,030636.88+053056.8
3267084761964756352,030802.03+004210.6
3266208867809798400,031700.34+005132.3
9328600247697664,032036.78+054744.1
9301421694622464,032043.62+054223.3
5168805094183588864,032441.45-071513.8
55939238908050944,032621.03+182041.9
3275703421298024832,033004.03+051450.8
3263716614251553152,033704.05-001602.9
3251552270436874880,034229.31-003423.6
3258149550658916736,035134.87+010442.1
3303194510529649024,035225.72+105125.6
3196710107912874112,040455.73-063753.2
3285240378998984448,041841.19+060819.0
3224599499525337472,045135.21-043125.2
887627288904791168,065256.65+290559.1
893880245891571712,073048.27+345729.8
865657564822304000,073341.27+222758.9
3168951390681007744,073550.33+162259.0
975078870364536192,073616.98+454533.5
899469093558934272,073621.30+390725.2
872277724328162432,073805.73+274148.8
1095588879526364800,073956.40+653301.2
924928938135297152,074057.80+415932.5
867505706423771776,074109.31+243602.9
671936741423006336,074519.03+192925.2
878391700469308416,074600.27+283728.8
920420566798729088,074638.21+400403.4
867943247628973952,074710.47+245926.5
674630407471531520,074804.04+215206.5
924068127905334656,074836.39+421052.5
875755376527446784,074908.53+284343.3
933838383934304384,075025.69+484756.1
3148789100504962944,075053.80+094740.5
875494860990618368,075228.63+280547.5
875844127735189120,075229.76+291541.5
668453836480031232,075327.49+181248.9
681261012343581952,075610.37+235757.2
874268115251667200,075810.99+260954.6
3150965102735227776,075826.33+114923.4
667110744369959808,075830.79+160406.0
670454496669714688,075851.94+203001.0
923024309118123520,075953.65+434021.0
877218242389813632,080040.60+292437.9
921279869497316224,080156.39+395043.7
667291614032954368,080203.18+165502.8
3096117094757298048,080345.12+062729.6
682188351618230912,080357.29+263113.2
3097722313014111488,080451.45+070741.5
3095910627090032256,080648.43+060544.0
3097768084483308928,080701.12+073959.9
876618252636868864,080806.06+293634.0
649963379499246848,080814.77+114919.9
3097521961380271616,081223.91+070407.0
649019620565283968,081338.28+112321.2
650713933623920896,081406.73+135212.0
648851498365440128,081407.91+105122.3
3096673172763887616,081413.11+062408.7
655291651503551616,081413.47+144012.6
900740751771854208,081445.65+302214.6
648535526211925888,081546.67+095952.7
684039924903097344,081617.30+275701.1
663535510513990400,081647.42+193405.3
676520644054584448,081807.45+223427.6
908434373933249408,081824.34+385423.5
663291693810702592,082013.72+191625.2
1031990721794039296,082113.86+534755.8
901761472223684096,082127.90+333037.2
930119736825131904,082251.41+461232.2
1032102940699604608,082420.75+540617.2
662562477083011968,082541.21+185820.8
663725691665291776,082605.45+194025.4
930632345466370432,082626.75+470911.7
599466452567564288,082757.73+090938.1
710851687745057920,082837.14+331231.8
665509340044359296,083001.27+213321.7
595918088026295808,083022.06+065516.2
662990839941484160,083025.91+194700.9
663902163281581696,083026.60+204023.3
595930049511943168,083125.85+071142.4
3065328398358619008,083336.62-051037.3
658876536149303680,083354.83+165816.9
903762205429045120,083408.12+354811.6
651584300156145920,083419.93+143652.6
595880502767991680,083451.15+074008.7
602500593559974912,083453.03+113323.2
657866432857031424,083526.03+154348.5
602537083602084224,083541.58+114939.6
1149204025730449920,083556.09+841102.9
709322885546055040,083700.20+301150.5
917556747030238336,083915.06+453839.9
661214785064531456,084024.08+191855.3
595439491230958720,084026.53+072749.7
917070767186648832,084130.12+435136.7
690703240245614336,084149.50+253319.8
704433082459396864,084150.10+282956.4
582652514597006336,084255.85+055431.8
710333955207200512,084256.88+332124.4
665380254803229696,084259.79+225729.8
660957499344280832,084332.54+184600.2
913536142245113344,084341.96+420403.5
597049519850509824,084650.02+081453.9
1037453885834339712,084938.10+580414.6
690964168098375424,085023.76+255341.5
609847938277764096,085103.36+153506.4
719786216153043968,085212.77+383721.8
598572652692607104,085234.56+103505.7
582040503232626944,085241.64+052207.3
611492017398225280,085325.61+163829.6
660419773734383488,085338.63+184325.5
1010045775373654656,085348.95+442943.0
689756251496219904,085718.19+240509.9
684859374600504704,085732.32+203941.9
576807957460415744,085853.28+012243.5
693127839480396288,085939.31+282444.1
585461079610590080,085953.60+092345.0
5764525167037059072,090011.35-003606.4
1009287868264687872,090022.53+441701.3
712490170524923776,090128.28+323833.5
584944446584688000,090144.21+074042.5
718537480181201792,090148.19+365402.7
580246061600670208,090242.29+050503.0
712470031422151296,090355.19+325114.0
580090652504149248,090756.12+045625.3
712392103535706624,090853.27+330930.8
715906005258652544,090924.95+372748.8
1022604946941453312,091007.61+521612.4
590424068940039424,091133.56+085121.0
635483601634782720,091207.87+184717.8
605802697562033024,091234.94+125019.9
606208039393461504,091310.83+135419.7
1012879629154811776,091335.63+492444.7
578977225182026112,091336.99+034839.1
687757545515218304,091357.76+245535.6
580682533357596672,091406.56+063254.2
593646226420268928,091445.59+114433.3
687907216536849920,091735.99+254611.7
701504571894702592,091828.34+322116.7
714871227378224512,091836.49+363846.8
638551170356432128,091914.47+214815.1
587459751232076800,091922.12+080621.2
587653608875663616,092121.21+085240.4
693901685210358784,092131.41+261016.2
702442214795618048,092158.44+343720.4
587266099746368256,092244.78+075704.0
632617346619430400,092256.12+181918.6
637367889687063168,092305.30+201634.0
585484993988844288,092313.35+051000.9
638174553264202368,092356.73+214510.2
593091587228110720,092423.44+114503.9
638188095296426880,092429.76+220139.0
3843997104310040320,092508.21+010545.4
585718365331431936,092533.92+060940.6
798679199103051904,092550.82+361152.0
589359054489724416,092630.76+101325.5
811237580397346176,092806.35+373539.1
633989468411851392,092826.70+185616.9
631283849468775424,092850.88+164819.2
638362226155531648,092857.90+225844.2
631535152299791360,093015.07+173333.4
694337813372612096,093022.62+271009.5
637868785952921344,093031.23+212023.3
3850917774092306688,093057.12+033453.5
825780614539279744,093109.80+484233.5
696321160547401344,093117.72+291727.2
3841083986906939648,093203.67+002753.7
696259175579248128,093326.81+290425.8
3852802100799668224,093334.14+064812.6
3852273678087972352,093357.29+045835.0
813846893288344320,093442.80+420211.4
1018494147843697152,093524.96+505021.8
797297216065708800,093551.52+334850.8
588189930032317440,093618.26+090047.7
620718672301936640,093730.62+170508.3
3854083066205077120,093825.46+064958.1
588394679713444736,093854.51+091102.3
647393442867054080,093937.51+260303.2
798178921312388608,094026.29+362548.7
647429692391118080,094046.93+262516.3
821111882009852416,094108.48+450139.0
614075667860713344,094117.99+122750.6
620539215683935360,094205.92+164237.7
612876581710713984,094209.73+104906.5
1021344223717059328,094209.94+535719.2
1020590504200591488,094215.36+534856.9
794018442329525760,094313.08+331015.2
3848085775736823808,094318.73+032743.7
799473836772363776,094352.09+362545.4
3854964389199360256,094359.02+084323.7
827631230048084608,094511.56+503214.5
794457349330557056,094528.17+340205.4
620165102557585792,094612.75+164851.2
619704510264290048,094624.63+161040.5
3879014866027272192,094738.52+091508.2
801239106986954240,094742.33+395045.1
807672585742979712,094832.63+421654.2
1049467356038291968,094858.68+583020.4
807783743793094784,094929.27+423527.8
1049470310975870080,095005.09+584123.7
821575188721408896,095040.38+463125.1
646839632603925888,095114.99+261207.5
800198071337207680,095204.01+390157.9
3834598307116755328,095516.40+012129.7
820383013175744128,095545.84+443640.4
643990969775344896,095720.06+265441.7
744170463479336576,095955.55+304058.5
3836066773615537408,100132.62+020402.7
827028216639172864,100151.33+502600.2
740246581357786752,100206.98+280512.2
3833615584240122496,100244.58+004337.1
1044901496564692992,100257.67+551555.6
747420894729062400,100259.28+343046.2
795908223642553856,100329.48+361144.5
3878629766374667520,100353.99+100807.2
3835101539844771200,100432.45+004337.6
622871069392764288,100438.31+170556.0
803669783600413440,100454.66+401507.3
630239790163410176,100518.46+230547.5
3873387771674766848,100531.23+053809.1
801960077379167104,100623.73+365730.4
822753246710948992,100638.20+473039.4
747121277810340992,100651.31+333630.6
1070383297013681792,100752.13+691843.2
3835247847906411648,100812.04+012657.1
851253584535619200,100913.95+514924.5
3888086421072100096,100914.51+141529.4
742336546803672704,100933.77+300453.6
3834988260082850560,100958.70+010313.2
3836664637358067584,101007.11+031444.1
810479398410192896,101210.81+465249.1
625298206951327104,101258.37+193412.3
739274887956360320,101400.77+270113.6
810513311472048512,101422.75+464737.3
740932814052534656,101658.72+275651.3
848022429099660032,101751.79+511403.7
3861507170579804160,101858.50+055652.1
727300038098767360,101907.79+264805.4
3861741572715018880,102052.12+063029.3
1051853369285519872,102239.58+622344.7
728554997477863424,102311.71+264302.8
741487483308924032,102408.88+292019.7
854646093303189632,102433.76+562855.1
725656714892012800,102451.00+233930.0
3876161495914554752,102644.98+094334.0
721968819748244608,102651.15+222054.3
748897813723038208,102722.45+324122.1
729532252862071424,102757.84+291716.5
1047356675965504000,102908.39+591853.7
3855630521447249408,102941.07+020613.0
829053315200599936,103048.30+433833.7
828992425442809728,103149.53+432208.4
756209261105292800,103241.45+395328.8
3987099779616944512,103253.85+190131.4
3869789585512940288,103406.19+084502.1
830396707950527616,103936.29+454219.0
3986133274535013632,104022.21+183607.5
724746422343328128,104149.64+254957.0
3859083709512919168,104240.34+052508.7
779334391523656064,104250.09+395418.7
3985900800840568960,104308.47+180531.3
854385925660615680,104316.17+573755.7
1058396494262917120,104649.39+641254.3
780108035397017984,104703.68+415043.5
3885349427392976384,104751.12+144303.4
776714083515988480,104842.64+403233.0
736361663179214592,105119.71+301946.7
775950335251713664,105142.49+385242.5
3969079746108647040,105508.22+135449.5
3867748067298001152,105516.54+090208.5
3864981799121879808,105705.50+071021.4
3867911138616870656,105715.70+095353.8
730231890149478016,105728.18+263747.3
3808912753419909760,105806.72+032514.6
3866715900757814528,105833.32+082446.4
3867696699489667968,105857.18+093342.6
783442098245601664,105939.33+463906.0
3871628518710681472,110018.71+115834.6
3995223147615339264,110403.19+240527.7
3996422813585454080,110437.46+250724.5
3968133410194775296,110439.98+133955.8
731871635648792576,110458.97+274311.8
839155142699045248,110558.06+510942.8
832796288998279808,110607.96+495055.0
3998594039812351104,110736.01+280353.5
777078674699609600,110745.19+402726.3
3968338572192939136,110810.33+140635.8
3563020275086249856,110901.26-145955.0
3963523501536725376,111114.67+104050.6
3991523149253944320,111312.83+221114.1
3964474819612802688,111320.81+115234.9
783644202231302784,111449.33+420253.0
3990243661316540672,111532.48+200325.1
3990357014093035904,111754.92+202852.3
3817460253734219648,111830.59+064233.5
3977933013735607168,111924.38+190726.0
3977810315110038272,112008.15+182326.5
844195067778439040,112034.87+555937.2
3977860720846319488,112124.86+185020.9
3814308194416110208,112417.34+054921.3
4023485368157491840,112609.96+304037.3
4021821051150583552,112622.51+280331.5
3814098874889836672,112631.31+053705.2
3992556587104867328,112643.24+225338.3
1056424687661357184,112650.77+645645.9
1056420358334277120,112654.85+645155.8
3977218640415516160,112702.85+190912.7
3793541890100775680,112731.86-021242.1
3812781728679081600,112746.45+041502.5
838689606900465792,112752.79+515815.2
3798287107408644480,112801.68+004034.6
3593053710077003008,112804.62-072413.4
838427094202787712,112900.75+510742.0
3813281869030675840,112911.50+052034.1
3913771115776381824,112923.65+075325.3
3797609499007854336,112950.38+003344.9
3593037118618647040,112953.69-073505.9
3917505710099056256,113042.07+123323.6
790015154853047936,113126.54+494131.8
3592884904977722368,113130.35-071744.4
3794101992491292416,113345.95-010040.0
766978251649468928,113356.52+385302.6
862582853564727424,113408.79+612133.5
841087018988502400,113442.81+531958.6
767597345416434304,113505.64+395358.5
787095603586307712,113538.58+472126.7
787299154982999168,113626.17+474305.0
845692392161564160,113626.80+564251.7
3916344110424263424,113901.49+111832.6
3973914234312311552,113912.83+173829.8
4031925185053154432,114153.63+345100.4
772509413612244608,114310.43+424324.0
863293339939139328,114355.88+625924.7
769057393778223104,114417.10+411506.2
3896954051069618560,114442.36+043641.9
4021491820432446976,114617.18+312329.3
846195693608770176,114700.87+580727.7
3911473308272561536,114715.79+074847.7
3796056713711527296,114731.69+003724.4
845087523327356544,114744.41+564905.3
3922708564761717248,114800.58+122833.9
768190978615020416,114807.41+401008.9
3924593853542162304,115012.79+160105.4
3794447853327071872,115057.09-012709.6
3897485527502437632,115255.58+055337.7
3919577224365489152,115334.46+115235.0
4031395671420056704,115350.14+350600.6
786950433691713920,115555.74+490012.1
3918538220237268608,115625.50+110359.3
4027499002211746560,115721.30+322405.2
3920371415358395904,115848.96+140922.3
4001217302757741568,115854.96+232234.6
4033320808905502336,115901.22+372538.2
3999217634704486144,115924.76+194651.2
863282177319668096,115929.28+640501.8
4007873922246315904,120021.48+283419.1
4033515254960381184,120024.09+381720.3
3893231551374409728,120031.66+035002.8
4026700962928165376,120034.27+321102.7
3898740826184446976,120231.83+065856.2
1582284334306452096,120241.19+604322.6
1573247894914600960,120246.06+541929.6
3602563596600233984,120259.48-010900.5
3925793798685088256,120429.99+170202.0
1575589889041906304,120506.14+580423.8
4013915291964448000,120529.46+291846.2
4003117022627709568,120603.77+253956.6
1548431475096596480,120644.71+510107.3
4030517299068579840,120706.99+370039.3
1539230791857651968,120711.55+443212.0
3925614745793288832,120714.56+164112.3
3698751446481826432,120853.36-000847.3
1537011221479109376,120906.99+413157.3
4012999428843302912,120914.48+281558.9
3601343654088708608,120941.74-023931.7
1537452641037724160,121056.18+421726.5
4012750183300483840,121232.54+275036.1
3699356074797929088,121243.75+005722.2
1536194700951269632,121330.05+405555.7
1582660302859615488,121453.67+620742.9
3921263840844354176,121541.05+141432.8
4001651300612932736,121546.00+232415.8
3901325743661549952,121622.66+063414.5
4008611587174602368,121908.53+261458.8
3908864407698060544,121909.66+125754.9
3953315536800982656,121944.20+223628.3
3946542442094902400,122012.24+172210.1
3953241315470659072,122047.82+220703.3
1531327644011502976,122105.82+363931.2
1538751232989391360,122145.76+451342.0
4010000996209167616,122309.85+280728.1
1531278333491783808,122313.39+362107.4
1519197178898723328,122328.13+353251.9
1574097615540660736,122357.67+550151.7
3948941988783246336,122406.24+194927.9
1531494009569731968,122419.83+373524.0
3701659590313324160,122558.35+035923.4
3903829812674248960,122615.38+093001.9
3945830297861739136,122803.73+163540.1
3952475922233611776,122829.50+205747.0
1531789572038474368,122841.07+371919.8
3696448725535940864,122842.63-001921.5
1572364918357847552,122843.93+532937.7
3903713573679659648,122935.36+093052.9
3696482883412131456,123200.70-001604.6
1568832226154321536,123219.28+514928.5
3902442675676452352,123249.23+073914.2
3949526860249093760,123421.89+210021.2
3706509428729356032,123626.98+025901.8
3709944303053982336,123810.72+064819.3
3955610350711517824,123815.92+215645.0
3959668446266686464,123829.94+245409.3
3962547135211534464,123905.17+275912.6
1514762809852594816,123907.37+325729.4
3962152273098204416,123911.89+264513.9
3928688980304035072,123915.06+120753.3
1521519824197490432,123928.09+385539.7
3932644610823814656,123953.24+145246.1
4011078032273209856,124011.12+292216.3
4011510655739135488,124050.72+305954.4
1580085414130237696,124114.82+605402.8
3707493216758108288,124116.94+051942.1
3704009482884953600,124120.87+032848.2
1571406487815742080,124157.85+553851.5
1676879923849329280,124215.09+635616.6
1520491712106121344,124332.02+381208.0
3936027842462700672,124358.59+183042.7
3683402504676441344,124426.13-020655.6
3708745560501927680,124436.20+051309.0
1580689290827688064,124507.90+625203.9
1542591930185218432,124527.73+455842.9
1516957950453958784,124536.34+353549.3
3928877683987253248,124632.09+123846.9
3962818439705322880,124646.50+282522.3
3710667438107957632,124706.29+083459.2
3929049830572981504,124728.29+131054.5
1579743435950162048,124804.84+594334.3
1465343850989278080,125016.06+310214.5
3958070546634049536,125017.90+252427.6
3705798663181347328,125136.08+051038.1
1579021881444420096,125431.75+593053.5
1528442727363224448,125443.37+422857.5
1580383381781612928,125450.28+614842.3
1676636798636131968,125520.36+631326.6
3942474420871097728,125634.77+203644.8
1554963806819190656,125702.97+472733.7
3937624402065696896,125752.35+164218.1
1530280393547616512,125829.51+445206.8
3957382802111031936,125853.77+245705.3
3942513998993592064,125905.82+204138.2
3937582036508309888,125924.97+164432.6
1517307114115251328,125954.26+365350.4
3734369507188630144,125954.99+092646.7
1579424848160664576,130004.25+604149.8
1675687679582925952,130219.88+620559.0
1464293405068093824,130221.88+292315.2
3729351473558326784,130227.52+055512.3
1564434003547661952,130249.33+553931.7
3941701567275657344,130308.04+201602.1
1522568758290319872,130320.91+365131.8
3734261514531000064,130323.99+092543.6
1460329566867386752,130335.84+262213.0
3930100718874195456,130417.88+140324.9
3736252352131711872,130507.50+112807.2
1524417488309802496,130528.21+405645.8
1523526540293707136,130545.35+383522.7
3936167583518100480,130706.03+144834.6
3936286399493895808,130734.80+153936.9
1564011554861071360,130750.19+540625.7
3942914466039968384,130826.47+194959.4
3686119294829278208,130854.92-002742.3
1523199706166615296,131016.35+391727.1
3732751988145000832,131026.35+094700.3
1523291274868754688,131044.25+392213.0
3943904675044754560,131227.72+221435.0
1554363752643577856,131255.11+472332.8
1467017548204833536,131300.37+334133.0
3939954340219001984,131305.60+194410.3
3744077851264030720,131504.57+145750.8
1525757896064160384,131509.87+412527.6
3743864962620961536,131539.91+143353.9
3736554820908645760,131639.65+121529.2
3717298352217243904,131841.09+055427.4
1551367201204751360,131916.36+464832.0
3715522812736215936,131921.25+025218.9
1556620392885132672,132000.22+503525.6
1447543655384319104,132140.03+255630.8
3745963273188235776,132147.54+162142.9
3716533641879991168,132307.04+052048.0
3716478460140103296,132309.75+050647.7
3939404996722577408,132402.99+195114.4
3743503287719574528,132426.42+145023.0
1552726648550845952,132449.56+473238.7
1473256353276268288,132510.13+344117.6
1449081906511341824,132559.81+263351.8
1475294504236728448,132621.11+370919.5
1449905406360689280,132656.29+282236.7
1441566602800672256,132703.69+210803.5
3745054629906435840,132717.82+153409.4
1449283696959404032,132728.66+272951.9
1469957406076142464,132755.57+333521.7
3731947798468299648,132819.87+091705.9
3711040142484453376,132840.74+002716.8
1441211018164437504,133016.10+200841.5
3637594071419783680,133034.11-022430.3
3740215301275451648,133101.12+140613.1
1475172419789707520,133103.87+372215.5
3744859775830626432,133109.16+152057.8
1552462039908584064,133123.61+482624.4
3746606109533334912,133251.10+180645.8
1500918687145246080,133308.95+410324.7
1468326246217275392,133401.21+310319.4
1441785268175750912,133410.16+210454.7
3725677455455070336,133438.60+085343.5
1471568976587821696,133458.05+342724.6
3725712571106775680,133551.86+091123.2
3726037511152087168,133632.59+095419.3
3742286441879709952,133644.21+153554.2
1472396015490580224,133826.39+362903.1
1672254695043465472,133916.33+660352.8
1441918068564738176,133956.14+220715.8
1501600349994246016,134033.62+430804.5
1443838949738154752,134217.04+234119.7
3742399034447760256,134301.57+161718.2
1503976742516038272,134346.21+463424.4
1500768230145357696,134444.01+423544.6
1559078522927056000,134522.48+514119.8
1458168747347421568,134554.03+322538.1
3725058774004955392,134605.10+083659.1
1470994378684887424,134630.99+342613.4
1244258489577949568,134704.14+165117.5
1471544821692221312,134716.69+365649.7
1672108593140547840,134745.48+655730.6
1248311839193688064,134908.23+193602.8
1451556043896628864,134911.42+274025.9
1245074705162923008,134923.88+182222.8
3728929879569077120,135023.64+135110.6
1450255459079728768,135030.20+252423.8
1497280334449562752,135037.83+402955.4
1510943450051792256,135046.18+505034.0
3720044867838756992,135057.54+050840.9
3713957005099262592,135111.97+043153.0
1245208978725311360,135114.36+190627.3
3665873334392080256,135124.90+040920.1
3720054282407081216,135155.17+052009.1
1497422072666733440,135258.92+412050.9
1458647172340793472,135355.53+332838.9
1501997067533823360,135400.44+423421.6
3657847517984536832,135443.78-022641.8
1246673390773876096,135502.82+191026.9
3664551583976564864,135534.06+021151.5
1457084422720512256,135547.23+311153.2
3657883183393088256,135549.44-020912.0
1251621399257438464,135636.17+231303.2
1495830078612241664,135647.49+373945.0
3657590163544608512,135653.70-024537.5
1251628924040286720,135703.12+232151.9
1561244118453446272,135758.32+541335.5
1243570912557703168,135823.85+160122.2
1245604046996832256,135928.00+180521.1
1657325143908685952,135948.83+542452.2
1457703825723998848,135956.23+325214.1
1483038841370904960,140015.31+355112.5
3721003500247562624,140024.89+074409.4
1247061557033870976,140325.57+202827.1
1246935830455394304,140347.23+193345.5
1247469334113579904,140350.01+213614.5
3659232009282406912,140411.94-014951.4
1499409195119022080,140431.60+435457.3
1483438857444798848,140527.10+363935.5
1260270162016591872,140623.94+272036.0
1259978035521340928,140659.80+264203.6
1260009062365193728,140856.82+265745.6
1257522340724779008,140904.58+251046.9
1482480495622676736,140950.69+353759.0
3647713250591673472,141046.21-011332.1
1511950946300446464,141055.93+513344.9
1484346366854872832,141105.47+373242.9
1661445529374309376,141111.54+614933.6
1484296820111910272,141126.97+370102.9
1252303375640188928,141137.02+202506.5
1485106747865508224,141144.61+375006.5
1508092416401080832,141210.09+485030.9
1226367919269813120,141250.40+122353.1
3666454121345090816,141324.15+015547.7
3668171141895302528,141421.39+043129.2
1227117068940809984,141459.12+133731.7
1504271922731474176,141511.33+425447.6
1511782656597713280,141515.26+514128.2
1258798839364830976,141635.29+251249.0
1226909806704081664,141644.31+132749.5
1252849691185242112,141736.15+213002.4
1607811768785148800,141754.26+514132.0
1226863043099907072,141818.66+131130.0
1228452288373216768,141835.76+135704.1
1260621795283917952,141918.80+282343.1
3669828591250195200,141921.83+052922.4
1176599899828134272,142027.70+085514.3
1504813917541620480,142031.96+440929.2
1284772190231124096,142058.67+293948.2
3653562137055979648,142112.42-004822.5
1504966401763674240,142151.04+450739.0
1479792705088629888,142206.57+340949.2
1491082043806044416,142343.06+402613.1
1175991423221170048,142510.85+092131.1
1254804657218572416,142534.19+242030.2
3668207941175499136,142535.13+024730.7
1283643855078116480,142704.39+281735.8
1494362849064528000,142811.99+443439.7
1492569515536029440,142951.79+432005.8
1172164164979043328,142955.86+064252.9
1179161731856621184,143011.48+120630.6
1227420976531891712,143100.09+131545.1
1239178402259554176,143134.86+190643.7
1280267800330140800,143221.74+265638.4
1228022001370295424,143358.78+143350.8
1611022926853044992,143525.61+573008.9
1488394150192793472,143533.00+410548.5
1493074977351063040,143606.19+430949.8
1486266698272654976,143608.42+362232.8
1667092689814293888,143646.43+633218.1
1493409920376790528,143843.50+440429.5
3649003458767686272,144104.98-013824.4
3651396923782405760,144150.90-002424.3
1186492996216957312,144400.88+153305.5
1591984775642579456,144417.22+504434.3
3655450273398164736,144428.79+021430.6
1158766233542262528,144448.40+043944.2
1489629348427737344,144453.14+410733.5
1241573958924123264,144458.41+222158.2
1178721373154263936,144519.61+123356.3
1186485505794293504,144716.38+155425.8
1186580441751170688,144756.24+160044.5
1294301279551540096,144811.03+361726.4
1237927226747144960,144837.49+193001.2
1293095149656051456,144838.92+353526.6
1157973382580163072,144841.80+042844.5
1157537666737315712,144845.39+031059.4
1488493759074482816,144921.01+392105.7
3650396574360590208,144923.37-011732.8
1188208990271045248,144943.89+170901.0
3650410043377036160,144958.04-010308.5
1237106849338567936,145055.11+191116.0
1586809546209743360,145127.32+453518.1
1236409552808289152,145151.32+180635.9
3650818997278675968,145229.19-004134.5
1266568336419783296,145248.14+250206.5
1236905020238745472,145303.72+190320.3
1617566322412036864,145318.82+600421.1
1282383810457327616,145327.27+305714.4
1594087729070298752,145335.38+525112.4
1181549866816741248,145426.50+123836.5
1613460711634374656,145459.75+563807.2
3651168951213404672,145506.01+002239.1
1188363059337704960,145506.60+175254.1
1619353647287064832,145512.68+614101.1
1266191715031828480,145544.60+241751.3
1489217237725476736,145559.74+413638.8
1263000661706031488,145610.21+225837.5
1263098999277369088,145725.86+234125.4
1296569778198024192,145737.08+393322.0
1592533195722819712,145738.62+502056.0
1587278625358289408,145801.88+462308.1
1154938386890187264,145933.45+033310.1
1261143788430039424,150020.19+203642.3
1153861144667879040,150051.84+022656.1
1267981067127062784,150121.32+254734.3
1269910228997276160,150138.99+290250.2
1593929124517851520,150149.29+523837.2
1585415537264704512,150243.83+425240.9
6339695913027878144,150245.71-022454.7
1612549800611153152,150430.04+561603.7
1160683094630820224,150512.88+072826.6
1600430536772714368,150531.03+552314.0
1183360728108222464,150634.03+134016.8
1589080724915456896,150704.71+482919.1
1262031644069070592,150711.05+222950.4
1615767074713058432,150713.80+595402.6
1168483790323771392,150738.22+104610.4
1211873229279489536,150741.36+182406.8
1265300354699345664,150951.11+261607.5
1265395668613683712,151049.97+262132.7
1392141149950895488,151105.33+410456.1
1391622665794603648,151144.60+385910.7
1393543920629447168,151247.64+433645.3
1163460254840532608,151327.58+072535.2
1392478498156843136,151333.77+412747.5
1278288129644127104,151341.20+325531.5
1276457275282531712,151420.68+313246.5
1156253471516549760,151448.38+052625.3
1167393414091302016,151511.75+095102.3
1598833603508317824,151542.92+520145.6
4421482120413974656,151557.58+013743.4
1208517279274129152,151628.79+170326.2
1208117091400778880,151652.39+160331.8
1271574825182908032,151803.49+273601.9
1290906228163751296,151814.86+350047.9
1278814795713443328,151824.49+340257.1
1156203894709364480,151838.98+051820.6
1167215361926640384,151901.90+092825.6
1270321721224040704,151909.78+254218.1
1290888945215287552,151918.53+345146.2
4420780357117300736,152037.20+013637.3
1163251244551288448,152049.36+071152.3
4415536270769458560,152132.17-012010.3
1389123712087375872,152205.81+400720.9
1614690824627462528,152218.79+582629.3
4420820661091538688,152323.20+020208.9
1208775252191294464,152326.66+175821.0
1395676320352275200,152352.14+460216.4
1395584717289458432,152410.66+453657.2
1395886773749683328,152413.81+464222.7
1394796745409803136,152434.12+444956.2
1390849704825909120,152453.84+414703.0
1388969265063607680,152500.47+395856.3
1277635328975128064,152504.52+322511.3
1278620426969659264,152508.78+335013.0
1278713915528483200,152523.34+343129.4
1394806812813329536,152525.47+450706.5
4420920755304390656,152622.47+013440.5
1603072388336485248,152730.88+584109.6
1210902635390093824,152748.12+203617.0
4428719209027996800,152826.69+054504.6
1601134705251117184,152902.98+552536.9
1220827892494231424,152940.94+230231.2
1277554141209534720,153028.07+324322.0
1394670408948018944,153059.26+451200.5
1273534086178145024,153106.63+292137.8
1596123406129561344,153107.09+522200.5
1375361056322421632,153241.47+361617.4
1389491979762897536,153303.83+395818.2
1221408572072772352,153443.83+243144.3
1193670131382835968,153507.50+130533.9
4417693031546403584,153532.91+011016.1
1166096780643912576,153554.81+105323.7
1164456618533258240,153648.18+084943.3
1224147906511208576,153658.30+265255.4
1194106976801095296,153714.43+135100.8
1401165082398938624,153724.90+473704.9
4416866233161735680,153732.19+004343.0
1209880604972470144,153735.95+185547.1
1374233026111757568,153805.52+344406.0
1377419204650884608,153850.59+390558.0
4424113560977476480,153938.62+025309.9
1197375378193825408,154014.08+175725.9
1190321839303511168,154038.64+121559.9
1194053792221581824,154048.02+133920.1
1224079457615978624,154104.66+271900.8
1197091841632850688,154244.31+171557.8
1216469329617486464,154316.42+211224.3
1370921060867445888,154425.06+340445.8
1375866110116803328,154549.73+360956.7
1376334295911724800,154629.51+375936.5
1372879492938322176,154743.11+360209.7
4429459111633194752,154749.25+054650.2
1369953559354871296,154809.22+322724.9
1320770377020440704,154839.40+291622.9
1384021806335165568,154839.88+411621.0
1404446201190776448,154900.25+514156.0
1223304748594672896,155051.63+261613.0
1369660432130856064,155111.70+313536.7
1223453972937887872,155237.02+265753.5
1320744950813590784,155237.30+292758.5
1320725808142364288,155238.33+291236.1
1203853838143526016,155320.24+194717.6
1223458714581799936,155320.54+270151.3
1220429942301568384,155414.63+264033.8
1371854645022153088,155547.14+350122.5
1218339079205788032,155704.88+225541.5
1371402642664053632,155706.60+333143.4
4457810190754678016,155723.43+120025.4
1316556498706830976,155734.92+272145.8
1399633016024714880,155745.94+480207.4
1384411342689931264,155848.51+430032.7
1372405328548916992,160038.48+361451.5
1203155957497720704,160110.97+191823.1
4425776851489859584,160144.01+045509.6
4451621967514288640,160246.13+082718.9
1191990691795376640,160332.18+142940.0
1316222105435533824,160351.13+263054.9
1203191107509412864,160355.76+191718.2
1315352632256371072,160414.93+253409.2
4457484804035096576,160423.08+112419.8
1372076883809874688,160459.85+352514.5
1199749399893918592,160548.37+174712.6
1315082289835187840,160708.97+250526.4
1323501628326690688,160714.66+330145.3
1427930425233322240,160729.84+521905.2
1321866139139867520,160807.23+304348.6
4458013016289589248,160830.40+122024.1
4453302433598893568,160947.32+094213.2
4449803070342533888,161010.45+060119.1
1323646149680197888,161100.18+334641.8
1323698956304204672,161133.21+341907.9
1205722187573169792,161201.18+222427.0
1316161563577552128,161226.02+281715.9
4453151078951886208,161350.92+092644.3
1200587189097076352,161352.07+181952.5
4450583135185398144,161407.34+073955.1
4464682314523860096,161421.99+151604.9
4437441737850509184,161447.16+050620.9
4407120162093076864,161657.55-010349.9
1424429923808859136,161801.18+505949.0
1382046739854961152,161838.69+415724.6
4463628428331884160,161848.09+142233.4
4464822532318774272,161943.70+151347.3
1298542542576831104,162004.55+220733.2
4453983413551203584,162023.06+113130.5
1423687822178956928,162112.22+505005.9
4464031025682632832,162201.38+144611.6
1298660847452618496,162235.13+223044.4
1318384879167762176,162257.68+304252.7
1200909449084132096,162408.58+191841.3
1302139904104890752,162529.75+234408.3
1298374867054121984,162532.92+214607.2
1424945564698130560,162555.87+522329.9
4458869157890693504,162607.14+103318.2
4460149642266328832,162608.25+122813.6
1332134516887920000,162739.29+383456.0
1409770203994620288,162923.70+455729.5
1324387559820189056,162928.53+312510.9
4467117969001093120,162943.70+174102.0
1299174658683747584,162959.75+234228.9
1303822259974574208,163009.08+250806.9
1305595359913528192,163041.83+280837.2
4431602300315276288,163045.03+004025.2
1327818006035095168,163132.74+355328.9
1303965402644564480,163234.69+254836.8
1628837901441343232,163405.20+632810.5
1327991866311359360,163536.12+365440.3
4447128504009725440,163654.25+110445.6
1304625350139162496,163718.64+274026.5
1301388903303425408,163734.46+261853.5
1297879777584365056,163833.76+223539.6
1299811001037756800,164006.19+240829.1
1355751472600088832,164410.81+395642.5
4448667201814492288,164718.14+120550.9
4565561883599595648,164834.61+211121.4
4563196426069231872,164847.85+201736.4
1314566344004275712,165059.73+332446.3
4564458867279278720,165308.64+201100.9
4566331683475514752,165356.23+233307.5
1354551252578798592,165532.15+410112.5
4564555624302460928,165557.41+202949.7
4558737146207196544,165815.52+174415.2
4572742454740654848,165902.30+250549.1
4572761898055779328,165904.98+252255.6
1352102811982790144,165948.02+391241.6
4558692207968343424,165955.97+174319.0
1338094969422447360,170219.09+351034.5
4571261515658295552,170410.80+224624.4
1339315977084134400,170416.26+362525.2
1353569045098781696,170425.54+402322.8
1308563255331316224,170554.63+285859.6
4575493806493222656,171303.09+285902.1
1334854085883455616,171411.72+334152.9
1333489798112026496,171502.33+313231.4
4575149281397356032,171606.44+275255.2
4575133652012731904,171638.50+274937.6
4599413991193806208,172053.91+293416.3
4570915199557966976,172447.99+255137.7
1440424072781004032,172823.74+634507.4
4595111537772169472,172843.19+270828.6
1435604466639789184,172909.14+594034.8
4595087825254508928,172949.03+264753.8
1421400941073174400,173650.55+563800.5
4581822251826309248,174253.64+253053.5
4582265290590354304,174618.94+262216.9
2110783324254434688,183650.14+410845.9
2098470065334349056,184059.10+400327.8
2240469075780565120,192422.61+625736.4
2290948165710981376,202249.89+775522.2
2689814700385008768,210646.08-004613.3
2690390157282742016,211320.85+004211.6
6899258305483618432,211908.90-061142.6
1745458319500797568,211908.94+103837.2
2688157461483105920,213230.58+002416.9
2670692509551076352,213419.39-063423.8
2688139697498997760,213430.27+003119.1
1742381611087166336,213555.56+101659.9
2687015137621988096,214028.39-003915.1
2693318981380920960,214650.95+005829.3
1766299596764223104,215000.90+115343.7
2681272152167083008,215021.24+003548.9
2679843538669214720,215944.74-010630.2
1962768786910462336,220416.21+445644.9
2615846365590829440,220919.88-092746.4
2679445584180209408,221450.93+011250.3
2615933669390738176,221506.15-090147.9
2720898890533838976,221528.01+065220.7
2679212590794282240,221854.25+010026.1
2677966569241872896,222445.81-005435.9
2654027589769956224,223250.78-003436.0
2654042089574182144,223302.74-001715.4
2609407827362116224,224146.80-083242.9
2651881343067592064,225522.85+000055.0
2606968393312483328,225722.99-085055.7
2663829224825993856,230207.55+063316.1
2652188519128460544,230254.99+005904.4
2606128980608600448,230954.67-093736.6
2645131097587445632,231741.63+000932.8
2413552577020105472,231941.81-105318.3
2644121818927684096,232539.62-003121.4
2644091543703357952,232703.11-003620.7
2643890607953555328,232854.33-004607.8
2645491874839833856,233054.70+011212.5
2646252290209728512,233439.64+011515.7
2439008092269247488,233449.07-083604.2
2434109252571588224,233800.40-101437.0
2771356303765898368,234038.87+150841.7
1925521460429472640,234342.63+432616.9
2436174994402147200,234632.34-084824.8
2879630436434568832,235151.40+363010.9
